Category,Orders,Units,Revenue,NetRevenue,Cost,GrossProfit,GrossMarginPercent
Baby Care,23923,91694.0,84766658.8,82720729.51,63489444.74,19231284.77,23.248446772553127
Other,27331,107016.0,71880259.21,78651999.36,55647103.79,23004895.57,29.248964752572565
Personal Care,28966,114123.0,68125289.66,74631521.62,52011352.26,22620169.36,30.309135964257454
Household Cleaning,31046,123434.0,65897724.37,72103940.95,49701002.95,22402938.0,31.07033777187736
Staples,23613,91078.0,73140992.92,71300900.18,54755502.15,16545398.03,23.205033861046545
Snacks,28517,112166.0,57993132.74,60270263.78,43211197.59,17059066.19,28.304283273538385
Frozen Foods,26556,103264.0,49744940.69,51693526.52,37461453.65,14232072.87,27.53163467091701
Bakery,28165,110533.0,46368230.98,48191871.14,34021814.94,14170056.2,29.40341568982706
Beverages,23438,90438.0,36717900.62,38150152.76,27188494.92,10961657.84,28.73293302115732
Dairy,25506,99425.0,29669498.65,28915621.46,21972185.75,6943435.71,24.01274937011158
Fresh Fruits,27473,107784.0,29281106.62,28527933.15,22402298.13,6125635.02,21.47241087460274
Fresh Vegetables,27367,106981.0,15830910.02,15420162.27,12036668.65,3383493.62,21.94201047146309
