ProductID,ProductName,Category,Brand,Units,Revenue,NetRevenue,Cost,GrossProfit
P0535,Harpic Baby Wipes 535,Baby Care,Harpic,1794.0,3001128.78,2915461.78,2427228.18,488233.6
P0223,Parachute Baby Wipes 223,Baby Care,Parachute,1694.0,2866908.66,2794880.68,2411832.5,383048.18
P0496,Fortune Baby Wipes 496,Baby Care,Fortune,1708.0,2857945.16,2784124.5,2481570.28,302554.22
P0289,Real Diapers 289,Baby Care,Real,1591.0,2801544.17,2729736.07,2224313.46,505422.61
P0437,PepsiCo Baby Soap 437,Baby Care,PepsiCo,1652.0,2677297.28,2635889.9,2079240.24,556649.66
P0048,Fortune Baby Food 048,Baby Care,Fortune,1662.0,2661078.06,2604241.49,2206953.18,397288.31
P0057,Mother Dairy Rice 057,Staples,Mother Dairy,1846.0,2584418.46,2495709.8,1981164.12,514545.68
P0618,Colgate Diapers 618,Baby Care,Colgate,1644.0,2533979.4,2484352.14,1640646.24,843705.9
P0180,Aashirvaad Pulses 180,Staples,Aashirvaad,1738.0,2505240.1,2463257.85,2082593.26,380664.59
P0052,Head & Shoulders Rice 052,Staples,Head & Shoulders,1880.0,2504912.0,2432336.35,1656374.0,775962.35
P0411,Head & Shoulders Baby Lotion 411,Baby Care,Head & Shoulders,1673.0,2459109.24,2390686.58,1614445.0,776241.58
P0489,Harpic Baby Soap 489,Baby Care,Harpic,1757.0,2441843.46,2383423.72,1703727.76,679695.96
P0018,Kurkure Diapers 018,Baby Care,Kurkure,1597.0,2393455.84,2340184.18,1830720.95,509463.23
P0554,Fortune Diapers 554,Baby Care,Fortune,1640.0,2371620.4,2325453.75,1921473.2,403980.55
P0519,Parachute Skincare 519,Personal Care,Parachute,1743.0,2081786.91,2287456.43,1587611.55,699844.88
P0656,Head & Shoulders Flour 656,Staples,Head & Shoulders,1694.0,2342327.68,2284495.67,1697150.84,587344.83
P0622,Mother Dairy Baby Wipes 622,Baby Care,Mother Dairy,1553.0,2315523.0,2268247.35,2038188.26,230059.09
P0213,Red Bull Wheat 213,Staples,Red Bull,1556.0,2319295.8,2260206.06,2017525.16,242680.9
P0393,ITC Shampoo 393,Personal Care,ITC,1818.0,2043141.12,2243150.85,1441001.34,802149.51
P0061,London Dairy Skincare 061,Personal Care,London Dairy,1724.0,2015080.16,2210079.85,1488156.8,721923.05
P0510,Pears Stationery 510,Other,Pears,1711.0,2019476.19,2202064.79,1312473.88,889590.91
P0001,Fortune Soap 001,Personal Care,Fortune,1745.0,1985722.75,2187256.25,1666509.9,520746.35
P0501,Himalaya Pulses 501,Staples,Himalaya,1743.0,2224974.36,2168076.4,1675702.77,492373.63
P0481,Real Baby Food 481,Baby Care,Real,1744.0,2225797.44,2164485.82,1452891.52,711594.3
P0523,India Gate Wheat 523,Staples,India Gate,1787.0,2204657.64,2158794.24,1529207.38,629586.86
P0520,Kwality Wall's Pet Care 520,Other,Kwality Wall's,1821.0,1969739.28,2158106.95,1337706.6,820400.35
P0665,Dettol Toothpaste 665,Personal Care,Dettol,1664.0,1950607.36,2142436.58,1401836.8,740599.78
P0009,Real Pet Care 009,Other,Real,1665.0,1940391.0,2129934.97,1712052.9,417882.07
P0470,India Gate Pet Care 470,Other,India Gate,1653.0,1935266.28,2120597.75,1417579.74,703018.01
P0730,Kwality Wall's Kitchen Items 730,Other,Kwality Wall's,1645.0,1920965.2,2109514.03,1369330.9,740183.13
P0166,Fortune Pet Care 166,Other,Fortune,1713.0,1919622.06,2099862.65,1595625.24,504237.41
P0316,Nivea Kitchen Items 316,Other,Nivea,1605.0,1911458.7,2087024.82,1294432.5,792592.32
P0094,Nivea Utility 094,Other,Nivea,1755.0,1905315.75,2079556.18,1558264.5,521291.68
P0098,Nivea Baby Wipes 098,Baby Care,Nivea,1630.0,2131681.4,2079527.15,1435997.4,643529.75
P0209,ITC Skincare 209,Personal Care,ITC,1623.0,1891720.11,2070967.26,1274509.44,796457.82
P0323,Kwality Wall's Baby Soap 323,Baby Care,Kwality Wall's,1674.0,2114630.28,2064976.33,1409591.7,655384.63
P0315,Nestle Baby Food 315,Baby Care,Nestle,1670.0,2112666.9,2053853.81,1581323.0,472530.81
P0534,Patanjali Wheat 534,Staples,Patanjali,1934.0,2107924.62,2038223.43,1768894.42,269329.01
P0127,Aashirvaad Cooking Oil 127,Staples,Aashirvaad,1780.0,2076138.6,2034452.5,1697034.2,337418.3
P0742,Dabur Stationery 742,Other,Dabur,1590.0,1839900.3,2014531.81,1387004.7,627527.11
P0669,PepsiCo Skincare 669,Personal Care,PepsiCo,1688.0,1837354.24,2013114.61,1210380.4,802734.21
P0130,Maggi Cooking Oil 130,Staples,Maggi,1547.0,2067642.85,2010548.89,1392176.24,618372.65
P0381,Parle Shampoo 381,Personal Care,Parle,1659.0,1834605.15,2002569.82,1336838.79,665731.03
P0664,India Gate Cooking Oil 664,Staples,India Gate,1760.0,2056331.2,1998745.17,1385753.6,612991.57
P0654,Red Bull Kitchen Items 654,Other,Red Bull,1783.0,1791897.17,1960450.3,1539727.48,420722.82
P0309,Haldiram's Kitchen Items 309,Other,Haldiram's,1663.0,1793096.49,1948290.53,1497664.54,450625.99
P0686,Parle Baby Lotion 686,Baby Care,Parle,1478.0,1975154.86,1938505.15,1269099.48,669405.67
P0327,Saffola Utility 327,Other,Saffola,1573.0,1762546.5,1935884.6,1142642.93,793241.67
P0169,Real Cooking Oil 169,Staples,Real,1653.0,1959763.74,1914344.5,1510048.56,404295.94
P0226,Patanjali Stationery 226,Other,Patanjali,1771.0,1743478.66,1912735.3,1205307.18,707428.12
