Year,MonthNumber,YearMonth,Orders,Units,Revenue,NetRevenue,Cost,GrossProfit
2024,1,2024-01,3700,38636.0,19229440.33,19865686.06,14485972.91,5379713.15
2024,2,2024-02,3518,36383.0,18392547.53,18996543.65,13868803.42,5127740.23
2024,3,2024-03,3674,38602.0,19121842.04,19777960.69,14385908.55,5392052.14
2024,4,2024-04,3558,36835.0,18570681.56,19191600.06,13976669.3,5214930.76
2024,5,2024-05,3771,39465.0,19719529.8,20377126.03,14841112.32,5536013.71
2024,6,2024-06,3593,37873.0,18861354.96,19480726.26,14183803.84,5296922.42
2024,7,2024-07,3636,39099.0,19861005.39,20520795.31,14953002.24,5567793.07
2024,8,2024-08,3694,38647.0,19198721.59,19819438.41,14494186.04,5325252.37
2024,9,2024-09,3509,36435.0,17980174.73,18604497.9,13529756.87,5074741.03
2024,10,2024-10,3697,38882.0,19480846.27,20128420.79,14687043.37,5441377.42
2024,11,2024-11,3501,36686.0,18379170.9,19003033.39,13808110.73,5194922.66
2024,12,2024-12,3676,38456.0,19212532.69,19832683.38,14499815.22,5332868.16
2025,1,2025-01,3753,39296.0,19566734.6,20239110.36,14745469.69,5493640.67
2025,2,2025-02,3340,34716.0,17363202.2,17928913.35,13083822.95,4845090.4
2025,3,2025-03,3831,39595.0,19925579.36,20580374.59,15005216.35,5575158.24
2025,4,2025-04,3627,38242.0,19192345.38,19848271.35,14421133.78,5427137.57
2025,5,2025-05,3747,39450.0,19716608.76,20379860.38,14797637.18,5582223.2
2025,6,2025-06,3596,37862.0,18955505.08,19607054.39,14276184.38,5330870.01
2025,7,2025-07,3761,39344.0,19569384.64,20228494.8,14739087.16,5489407.64
2025,8,2025-08,3775,39520.0,19425861.83,20082454.64,14629926.93,5452527.71
2025,9,2025-09,3544,37395.0,18944222.29,19565746.72,14258852.32,5306894.4
2025,10,2025-10,3678,38984.0,19523749.4,20228696.79,14710937.14,5517759.65
2025,11,2025-11,3590,37575.0,18836395.76,19454647.96,14193535.84,5261112.12
2025,12,2025-12,3864,40686.0,20327712.01,21023155.0,15308336.68,5714818.32
2026,1,2026-01,3801,39555.0,19856180.96,20522490.69,14952468.55,5570022.14
2026,2,2026-02,3513,37236.0,18584338.76,19188729.22,14001063.97,5187665.25
2026,3,2026-03,3665,38410.0,19430997.24,20116351.15,14619823.45,5496527.7
2026,4,2026-04,3610,38289.0,18981045.12,19601542.63,14293642.11,5307900.52
2026,5,2026-05,3670,38064.0,19178079.54,19830011.71,14403894.21,5426117.5
2026,6,2026-06,3515,36768.0,18377527.28,18990496.45,13830081.92,5160414.53
2026,7,2026-07,3749,39501.0,19859101.32,20540703.93,14958305.68,5582398.25
2026,8,2026-08,3833,40120.0,20111159.26,20810190.87,15146801.84,5663389.03
2026,9,2026-09,3011,31329.0,15683066.7,16212813.79,11808112.58,4404701.21
