City,State,Orders,Customers,Units,NetRevenue
Ahmedabad,Gujarat,6678,576,70075.0,36312383.28
Pune,Maharashtra,6342,522,65870.0,34192220.6
Kolkata,West Bengal,6295,559,65302.0,33802859.34
Bengaluru,Karnataka,6162,518,64581.0,33794681.13
Chennai,Tamil Nadu,6184,543,64337.0,33554487.25
Jaipur,Rajasthan,5975,528,63052.0,32608470.71
Hyderabad,Telangana,5909,506,62246.0,32371090.63
Mumbai,Maharashtra,5922,527,61907.0,32101613.32
Delhi,Delhi,5654,508,58821.0,30600216.48
Aurangabad,Maharashtra,5206,525,55355.0,28511981.5
Indore,Madhya Pradesh,5227,573,55370.0,28305379.71
Bhopal,Madhya Pradesh,5227,512,54918.0,28211481.55
Kanpur,Uttar Pradesh,5015,513,52847.0,27432523.74
Mysuru,Karnataka,5124,531,52977.0,27368378.79
Vadodara,Gujarat,5034,568,52837.0,27346787.35
Warangal,Telangana,4960,509,52789.0,27306412.74
Lucknow,Uttar Pradesh,5073,531,52972.0,27275376.64
Nashik,Maharashtra,5003,524,52210.0,26990885.7
Nagpur,Maharashtra,4951,537,51652.0,26375116.3
Patna,Bihar,4776,519,49789.0,25790673.85
Latur,Maharashtra,4647,495,49431.0,25367944.35
Surat,Gujarat,4636,477,48598.0,24957657.74
