State,Orders,Customers,Units,NetRevenue,GrossProfit
Maharashtra,32071,3130,336425.0,173539761.77,47193672.38
Gujarat,16348,1621,171510.0,88616828.37,24075522.34
Karnataka,11286,1049,117558.0,61163059.92,16594086.82
Telangana,10869,1015,115035.0,59677503.37,16249283.09
Madhya Pradesh,10454,1085,110288.0,56516861.26,15275189.62
Uttar Pradesh,10088,1044,105819.0,54707900.38,14841358.1
West Bengal,6295,559,65302.0,33802859.34,9159461.06
Tamil Nadu,6184,543,64337.0,33554487.25,9043467.37
Rajasthan,5975,528,63052.0,32608470.71,8881021.96
Delhi,5654,508,58821.0,30600216.48,8362714.03
Bihar,4776,519,49789.0,25790673.85,7004326.41
