Brand,Orders,Units,NetRevenue,GrossProfit
Fortune,19439,73249.0,40395857.46,9628223.39
India Gate,11481,41722.0,23988846.95,7238989.27
Parle,11408,41316.0,23973528.64,6792343.01
Kwality Wall's,11341,41781.0,23601791.2,6911651.36
Mother Dairy,10099,36724.0,21761372.47,5233298.49
Dettol,10533,38619.0,21045921.79,6329905.79
Real,8887,32185.0,20691783.28,5279839.46
Patanjali,11470,42077.0,19345267.21,5026582.79
Nivea,9439,34226.0,19331043.55,5526398.91
Red Bull,9591,34984.0,18811358.82,4660784.55
Colgate,9751,35411.0,18378461.33,5231877.71
Head & Shoulders,8447,30647.0,18277754.1,5203502.13
London Dairy,9829,35585.0,17953128.46,5155494.73
ITC,9695,35360.0,17835578.3,5494313.78
Lifebuoy,8868,32282.0,17536979.79,5192895.1
Clinic Plus,8842,32077.0,17250701.02,5267994.52
Pears,9760,35496.0,17091306.47,4653892.05
Parachute,7439,26631.0,16939887.98,4406088.11
Amul,9624,35029.0,16136388.12,4413221.65
Aashirvaad,9369,33901.0,15700109.71,3935437.38
PepsiCo,10232,36735.0,15341455.61,4151049.03
Nestle,8307,30003.0,15181995.23,4110543.38
Vim,7810,28245.0,14961293.65,3763468.71
Paper Boat,9170,33216.0,14807184.06,3522956.05
Haldiram's,8028,28956.0,14439532.73,3429863.79
Kurkure,7893,28300.0,14306623.74,3666019.59
Himalaya,7466,26962.0,14224096.55,3605293.25
Surf Excel,8855,31840.0,13961568.18,4283873.58
Britannia,7385,26652.0,13752214.67,3691284.43
Daawat,8463,30695.0,13624446.78,3825146.27
Dabur,5520,19965.0,13474805.43,3997350.73
Dove,7438,26764.0,13149705.07,3767115.3
Tata,6987,25434.0,12555162.23,3525000.27
Saffola,7870,28521.0,11890847.86,3390576.08
Harpic,5716,20576.0,11230838.9,2736498.99
Thums Up,5595,20068.0,10518822.5,2674324.31
Lay's,5761,20445.0,9352680.22,2130439.78
Coca-Cola,6499,23413.0,9040025.14,2347983.47
Maggi,6072,21844.0,8718257.5,2478581.99
