Category,AvgDiscountPercent,TotalDiscount,NetRevenue
Baby Care,0.66,5985015.59,82720729.51
Staples,0.67,5235375.29,71300900.18
Other,0.67,5226021.77,78651999.36
Personal Care,0.66,4878235.19,74631521.62
Household Cleaning,0.67,4792689.64,72103940.95
Snacks,0.67,4180393.67,60270263.78
Frozen Foods,0.67,3590008.22,51693526.52
Bakery,0.66,3339775.73,48191871.14
Beverages,0.67,2655262.23,38150152.76
Dairy,0.67,2130809.78,28915621.46
Fresh Fruits,0.67,2111649.89,28527933.15
Fresh Vegetables,0.67,1145044.72,15420162.27
