LocationID,City,State,Region,Tier
L0001,Mumbai,Maharashtra,West,Tier 1
L0002,Pune,Maharashtra,West,Tier 1
L0003,Nagpur,Maharashtra,West,Tier 2
L0004,Nashik,Maharashtra,West,Tier 2
L0005,Aurangabad,Maharashtra,West,Tier 2
L0006,Latur,Maharashtra,West,Tier 2
L0007,Hyderabad,Telangana,South,Tier 1
L0008,Warangal,Telangana,South,Tier 2
L0009,Bengaluru,Karnataka,South,Tier 1
L0010,Mysuru,Karnataka,South,Tier 2
L0011,Delhi,Delhi,North,Tier 1
L0012,Chennai,Tamil Nadu,South,Tier 1
L0013,Ahmedabad,Gujarat,West,Tier 1
L0014,Surat,Gujarat,West,Tier 1
L0015,Kolkata,West Bengal,East,Tier 1
L0016,Jaipur,Rajasthan,North,Tier 1
L0017,Indore,Madhya Pradesh,Central,Tier 2
L0018,Bhopal,Madhya Pradesh,Central,Tier 2
L0019,Lucknow,Uttar Pradesh,North,Tier 1
L0020,Kanpur,Uttar Pradesh,North,Tier 2
L0021,Patna,Bihar,East,Tier 2
L0022,Vadodara,Gujarat,West,Tier 2
